[
  {
    "type": "profession",
    "ident": "castaway",
    "name": "Castaway",
    "description": "You've survived! now your stuck on a island with some clothes watch and a duffelbag full of nails.",
    "points": 1,
    "items": {
      "both": {
        "items": [
          "tshirt",
          "socks",
          "pants",
          "duffelbag",
          "wristwatch"
        ],
        "entries": [ { "item": "nail", "charges": 100 }, { "item": "nail", "custom-flags": [ "auto_wield" ] } ] 
      },
      "male": [ "briefs" ],
      "female": [ "bra", "panties" ]
    }
  }
]