[
  {
    "type": "profession",
    "ident": "castaway",
    "name": "Castaway",
    "description": "You've survived! now your stuck on a island with some clothes watch and a duffel bag full of nails.",
    "points": 0,
    "items": {
      "both": {
        "items": [
          "pants",
          "tshirt",
          "socks",
          "wristwatch",
          "duffelbag"
        ],
        "entries": [ { "item": "nail", "charges": 100 } ]
      },
      "male": [ "briefs" ],
      "female": [ "bra", "panties" ]
    }
  }
]