[
  {
    "type": "start_location",
    "ident": "island_forest",
    "name": "Forested Island",
    "target": "island_forest"
  },
  {
    "type": "start_location",
    "ident": "island_forest_thick",
    "name": "Thick Forested Island",
    "target": "island_forest_thick"
  },
  {
    "type": "start_location",
    "ident": "island_forest_water",
    "name": "Swamp Island",
    "target": "island_forest_water"
  },
  {
    "type": "start_location",
    "ident": "island_field",
    "name": "Field Island",
    "target": "island_field"
  },
  {
    "type": "start_location",
    "ident": "cabin",
    "name": "Cabin",
    "target": "cabin"
  },
  {
    "type": "start_location",
    "ident": "cabin_1",
    "name": "Cabin",
    "target": "cabin_1"
  },
  {
    "type": "start_location",
    "ident": "cabin_2",
    "name": "Cabin",
    "target": "cabin_2"
  },
  {
    "type": "start_location",
    "ident": "cabin_3",
    "name": "Cabin",
    "target": "cabin_3"
  },
  {
    "type": "start_location",
    "ident": "cabin_4",
    "name": "Cabin",
    "target": "cabin_4"
  },
  {
    "type": "start_location",
    "ident": "cabin_5",
    "name": "Cabin",
    "target": "cabin_5"
  },
  {
    "type": "start_location",
    "ident": "cabin_6",
    "name": "Cabin",
    "target": "cabin_6"
  },
  {
    "type": "start_location",
    "ident": "cabin_7",
    "name": "Cabin",
    "target": "cabin_7"
  },
  {
    "type": "start_location",
    "ident": "airliner_1a",
    "name": "Plane",
    "target": "airliner_1a"
  }
]
  