[
  {
    "type": "item_group",
    "subtype": "collection",
    "id": "glock19",
    "entries": [ { "item": "glock_19", "ammo-item": "9mm", "charges": 8, "container-item": "holster" }, { "item": "9mm", "charges": 20 } ]
  },
  {
    "type": "profession",
    "ident": "castaway",
    "name": "Castaway",
    "description": "You've survived! now your stuck on a island with some clothes watch and a duffelbag full of nails.",
    "points": 1,
    "items": {
      "both": {
        "items": [
          "tshirt",
          "socks",
          "pants",
          "duffelbag",
          "wristwatch"
        ],
        "entries": [ { "item": "nail", "charges": 100 }, { "item": "nail", "custom-flags": [ "auto_wield" ] } ] 
      },
      "male": [ "briefs" ],
      "female": [ "bra", "panties" ]
    },
    "flags": [ "SCEN_ONLY" ]
  },
  {
    "type": "profession",
    "ident": "us_airmarshal",
    "name": "Air marshal",
    "description": "while you're on board on one of many flights it crashed and worse some of the passengers that you were supposed to protect are now coming hungryily at you.",
      "points": 2,
      "skills": [
        { "level": 3, "name": "gun" },
        { "level": 2, "name": "firstaid" },
        { "level": 2, "name": "pistol" }
      ],
      "items": {
        "both": {
          "items": [
          "polo_shirt",
          "hat_golf",
          "socks",
          "boots",
          "pants",
          "kevlar",
          "mbag",
          "wristwatch",
          "badge_deputy"
        ],
        "entries": [ 
          { "group": "charged_two_way_radio" },
          { "group": "charged_cell_phone" },
          { "group": "glock19" },
          { "item": "baton" }
        ]
      },
      "male": [ "briefs" ],
      "female": [ "bra", "panties" ]
    },
    "flags": [ "SCEN_ONLY" ]
  }
]